{"cameraMode":{"drawMode":0,"name":"Shaded","section":"Shading Mode"},"sceneLighting":true,"audioPlay":false,"sceneViewState":{"showFog":true,"showMaterialUpdate":false,"showSkybox":true,"showFlares":true,"showImageEffects":true,"showParticleSystems":true},"in2DMode":false,"pivot":{"x":134.6346893310547,"y":64.35317993164063,"z":143.12350463867188},"rotation":{"x":0.325688898563385,"y":-0.1827816665172577,"z":0.06432142853736878,"w":0.9254164099693298},"size":30.22467041015625,"orthographic":false}