{"cameraMode":{"drawMode":0,"name":"Shaded","section":"Shading Mode"},"sceneLighting":true,"audioPlay":false,"sceneViewState":{"showFog":true,"showMaterialUpdate":false,"showSkybox":true,"showFlares":true,"showImageEffects":true,"showParticleSystems":true},"in2DMode":false,"pivot":{"x":-476.044921875,"y":289.8731994628906,"z":1590.2786865234375},"rotation":{"x":0.051976557821035388,"y":0.24811705946922303,"z":0.01335833314806223,"w":-0.9672727584838867},"size":2087.441650390625,"orthographic":false}